",,Overall,Overall,Overall,Overall,Overall,Overall,,Conf.,Conf.,,Home,Home,,Away,Away,,Points,Points,,School Advanced,School Advanced,School Advanced,School Advanced,School Advanced,School Advanced,School Advanced,School Advanced,School Advanced,School Advanced,School Advanced,School Advanced,School Advanced"
"Rk,School,G,W,L,W-L%,SRS,SOS,,W,L,,W,L,,W,L,,Tm.,Opp.,,Pace,ORtg,FTr,3PAr,TS%,TRB%,AST%,STL%,BLK%,eFG%,TOV%,ORB%,FT/FGA"
"1,Abilene Christian,33,14,19,.424,-7.18,-1.25,,5,13,,9,5,,3,12,,2321,2389,,69.3,101.1,.403,.328,.529,50.4,54.7,14.0,8.1,.489,17.7,32.6,.284"
"2,Air Force,32,3,29,.094,-13.66,4.68,,0,20,,3,15,,0,12,,1969,2556,,67.4,91.3,.351,.418,.516,44.8,55.9,8.3,6.8,.489,19.8,21.4,.225"
"3,Akron NCAA,34,29,5,.853,9.04,-3.33,,17,1,,15,0,,9,3,,3004,2499,,71.8,123.1,.277,.451,.612,53.5,57.5,10.5,9.1,.588,13.2,34.0,.209"
"4,Alabama NCAA,32,23,9,.719,22.70,14.45,,13,5,,12,3,,7,3,,2935,2671,,74.6,122.0,.372,.537,.592,50.4,53.5,8.6,11.3,.554,11.2,31.8,.285"
"5,Alabama A&M,33,18,15,.545,-12.99,-10.49,,10,8,,12,5,,4,8,,2378,2393,,67.8,105.9,.449,.343,.545,49.9,49.4,8.8,7.9,.496,14.7,28.0,.331"
"6,Alabama State,32,10,22,.313,-14.21,-8.14,,7,11,,5,4,,4,15,,2341,2473,,71.9,101.7,.350,.382,.514,50.0,48.6,11.4,11.0,.478,15.5,32.7,.243"
"7,Albany (NY),32,11,21,.344,-13.92,-8.09,,7,9,,6,5,,4,13,,2303,2332,,66.6,108.1,.242,.372,.548,51.5,50.4,10.4,11.6,.530,15.6,33.8,.160"
"8,Alcorn State,32,9,23,.281,-19.82,-6.54,,7,11,,5,4,,2,18,,2141,2566,,69.4,96.0,.318,.337,.512,44.9,46.6,11.0,9.1,.477,17.2,26.9,.225"
"9,American,32,16,16,.500,-6.91,-6.21,,9,9,,11,6,,5,10,,2387,2283,,67.5,110.6,.293,.461,.558,48.7,50.8,11.4,4.5,.526,13.7,28.3,.220"
"10,Appalachian State,32,19,13,.594,-3.77,-5.67,,11,7,,11,4,,7,8,,2305,2114,,64.7,110.9,.387,.460,.536,53.5,48.5,7.6,10.8,.510,12.8,34.3,.248"
"11,Arizona NCAA,34,32,2,.941,29.92,12.57,,16,2,,16,1,,9,1,,2929,2339,,71.3,120.3,.429,.268,.588,57.3,55.4,10.9,10.8,.551,12.9,38.1,.315"
"12,Arizona State,33,17,16,.515,10.79,12.79,,7,11,,10,5,,2,9,,2519,2585,,70.6,108.1,.395,.384,.556,47.8,53.0,9.9,12.8,.511,14.9,29.8,.298"
"13,Arkansas NCAA,34,26,8,.765,22.43,12.57,,13,5,,17,1,,5,5,,3058,2723,,72.4,122.5,.364,.334,.597,51.1,53.0,9.9,13.0,.565,10.7,32.2,.272"
"14,Arkansas State,32,20,12,.625,-0.65,-4.39,,11,7,,11,4,,9,7,,2655,2471,,72.5,113.1,.386,.451,.564,55.3,56.2,10.2,7.0,.526,16.2,38.1,.283"
"15,Arkansas-Pine Bluff,32,13,19,.406,-14.79,-6.92,,10,8,,7,4,,6,14,,2472,2593,,72.4,106.4,.363,.372,.556,48.2,58.1,9.9,7.8,.515,16.2,29.3,.274"
"16,Army,32,11,21,.344,-15.28,-7.14,,5,13,,6,10,,5,10,,2309,2471,,67.6,104.8,.256,.534,.526,50.4,59.7,8.5,4.8,.498,14.8,31.1,.183"
"17,Auburn,33,17,16,.515,17.02,13.69,,7,11,,11,4,,2,8,,2730,2620,,69.2,118.6,.447,.392,.568,52.4,46.2,10.7,11.7,.523,12.3,37.6,.332"
"18,Austin Peay,31,22,9,.710,-2.25,-6.70,,15,3,,12,1,,9,7,,2530,2269,,71.0,115.0,.377,.388,.575,50.8,57.4,13.0,7.0,.538,13.2,30.5,.280"
"19,Ball State,31,12,19,.387,-9.58,-4.27,,7,11,,7,7,,4,11,,2093,2154,,65.8,101.7,.321,.390,.515,47.5,53.0,11.4,8.3,.482,14.0,27.0,.223"
"20,Baylor,32,16,16,.500,15.33,11.78,,6,12,,11,6,,3,7,,2642,2469,,70.0,117.9,.349,.389,.579,53.4,53.9,9.4,10.0,.546,13.9,37.7,.256"
"21,Bellarmine,32,13,19,.406,-9.00,-4.64,,7,11,,9,5,,2,13,,2561,2614,,66.4,119.6,.346,.406,.632,46.5,53.4,9.1,6.0,.599,13.9,23.1,.274"
"22,Belmont,32,26,6,.813,8.95,-0.41,,16,4,,13,2,,11,3,,2684,2347,,70.2,118.6,.319,.461,.622,52.2,61.8,8.7,11.2,.607,15.7,29.2,.218"
"23,Bethune-Cookman,32,17,15,.531,-9.38,-6.45,,14,4,,10,1,,7,11,,2412,2462,,71.2,104.7,.411,.298,.550,50.1,51.1,9.8,11.4,.516,16.8,30.4,.284"
"24,Binghamton,31,8,23,.258,-20.67,-10.78,,4,12,,7,8,,1,14,,2105,2321,,65.1,102.3,.417,.318,.556,48.1,49.8,7.8,8.5,.511,16.8,21.8,.311"
"25,Boise State,32,20,12,.625,12.04,7.84,,12,8,,12,4,,6,5,,2502,2351,,67.1,113.9,.417,.428,.576,55.7,50.5,6.7,6.0,.526,14.6,33.7,.327"
"26,Boston College,31,11,20,.355,3.39,6.65,,4,14,,10,7,,1,10,,2090,2191,,66.4,100.0,.324,.424,.499,49.4,47.4,7.2,11.6,.470,13.3,28.3,.212"
"27,Boston University,34,17,17,.500,-8.08,-8.23,,10,8,,10,5,,6,12,,2566,2514,,63.7,115.4,.315,.440,.606,51.5,53.3,7.3,9.6,.581,15.7,28.1,.230"
"28,Bowling Green,32,18,14,.563,0.47,-3.57,,9,9,,10,7,,6,6,,2602,2290,,71.9,112.6,.377,.340,.570,51.9,49.3,13.5,10.9,.535,13.9,29.3,.275"
"29,Bradley,33,21,12,.636,3.83,0.54,,13,7,,14,2,,4,7,,2560,2422,,67.9,110.5,.369,.406,.550,48.8,50.7,11.4,9.3,.511,12.1,27.7,.270"
"30,Brigham Young NCAA,34,23,11,.676,21.04,12.45,,9,9,,12,3,,3,6,,2853,2561,,70.5,118.7,.342,.398,.580,52.8,45.4,10.2,11.9,.547,13.0,34.6,.255"
"31,Brown,27,9,18,.333,-9.90,-4.66,,3,11,,6,8,,3,10,,1900,1892,,67.3,102.7,.277,.370,.528,50.5,59.5,11.7,12.1,.503,16.2,30.3,.189"
"32,Bryant,31,9,22,.290,-18.19,-7.92,,5,11,,8,5,,1,17,,2010,2246,,65.0,98.6,.302,.478,.517,48.7,54.5,9.0,11.4,.479,17.3,28.5,.225"
"33,Bucknell,33,10,23,.303,-14.38,-5.44,,6,12,,6,8,,4,12,,2223,2518,,66.9,99.5,.298,.427,.525,47.3,54.0,10.7,5.9,.485,16.7,27.0,.229"
"34,Buffalo,32,17,15,.531,-3.52,-3.99,,7,11,,7,8,,8,6,,2497,2438,,67.4,114.9,.394,.454,.593,48.7,55.5,11.1,8.1,.560,14.2,27.8,.289"
"35,Butler,32,16,16,.500,10.47,8.63,,7,13,,10,7,,3,8,,2540,2481,,70.0,111.7,.421,.349,.550,52.4,57.2,9.1,8.0,.509,13.6,34.6,.303"
"36,Cal Poly,33,14,19,.424,-4.17,-0.20,,10,10,,8,6,,6,11,,2710,2805,,76.3,107.2,.350,.524,.563,50.3,50.6,8.6,5.8,.519,17.2,30.2,.275"
"37,Cal State Bakersfield,32,8,24,.250,-12.69,-1.26,,2,18,,6,11,,2,13,,2339,2629,,73.0,100.2,.425,.288,.515,47.6,44.7,10.5,13.3,.462,16.0,30.7,.313"
"38,Cal State Fullerton,34,18,16,.529,-1.75,0.12,,12,8,,10,4,,6,10,,2822,2778,,76.3,108.8,.381,.430,.560,48.0,57.0,10.7,8.6,.525,13.4,25.4,.273"
"39,Cal State Northridge,34,20,14,.588,-1.96,-1.27,,12,8,,12,3,,7,8,,2767,2713,,75.6,107.3,.337,.338,.535,53.4,56.7,9.1,8.9,.509,14.7,33.3,.224"
"40,California,32,21,11,.656,11.67,7.61,,9,9,,16,4,,4,6,,2492,2344,,69.4,111.3,.375,.425,.565,48.7,52.8,8.4,9.0,.520,13.0,26.3,.292"
"41,California Baptist NCAA,33,25,8,.758,2.52,-2.93,,13,5,,15,0,,7,7,,2410,2230,,67.4,107.1,.361,.321,.526,55.1,40.4,8.0,7.5,.486,15.1,37.8,.260"
"42,Campbell,34,16,18,.471,-2.85,-0.10,,8,10,,10,4,,3,13,,2691,2639,,70.8,111.8,.424,.368,.557,51.9,46.6,9.5,4.4,.515,14.8,35.4,.308"
"43,Canisius,31,10,21,.323,-16.98,-7.85,,5,15,,7,8,,3,13,,1951,2184,,64.5,97.1,.311,.397,.504,49.5,55.0,7.6,8.4,.467,16.9,29.7,.224"
"44,Central Arkansas,34,22,12,.647,-1.34,-4.66,,15,3,,14,1,,6,10,,2749,2541,,69.7,113.9,.301,.492,.569,50.9,57.2,12.4,6.7,.543,13.2,29.7,.213"
"45,Central Connecticut State,30,18,12,.600,-11.33,-9.94,,12,6,,10,4,,8,8,,2215,2127,,66.0,111.4,.298,.349,.569,51.0,51.6,8.5,11.2,.536,14.0,28.5,.229"
"46,Central Michigan,31,10,21,.323,-8.48,-2.48,,6,12,,8,5,,1,15,,2275,2384,,69.3,105.9,.319,.339,.551,48.1,56.0,9.5,11.9,.523,16.0,29.8,.223"
"47,Charleston Southern,32,15,17,.469,-6.70,-6.66,,6,10,,10,4,,5,11,,2670,2563,,74.1,110.1,.302,.515,.567,51.6,56.9,6.4,10.8,.550,15.9,30.5,.196"
"48,Charlotte,34,17,17,.500,-0.20,1.08,,9,9,,11,6,,4,8,,2492,2530,,64.5,111.6,.366,.453,.567,51.5,52.1,7.0,9.9,.535,15.6,34.2,.262"
"49,Chattanooga,32,13,19,.406,-10.89,-6.96,,7,11,,7,8,,6,9,,2454,2408,,68.1,112.7,.278,.506,.581,48.2,56.8,7.8,8.0,.551,12.7,24.1,.213"
"50,Chicago State,32,7,25,.219,-16.28,-4.93,,5,13,,5,6,,2,19,,2105,2434,,65.9,99.4,.302,.313,.496,46.2,49.9,12.3,4.8,.455,13.6,29.4,.224"
"51,Cincinnati,33,18,15,.545,15.50,9.95,,9,9,,15,3,,2,8,,2413,2230,,69.2,105.3,.294,.438,.531,51.6,63.7,9.0,12.1,.505,14.6,30.6,.200"
"52,Clemson NCAA,34,24,10,.706,16.99,9.57,,12,6,,13,3,,6,5,,2521,2269,,65.5,112.4,.371,.429,.562,51.4,50.2,9.6,9.1,.526,12.5,28.1,.270"
"53,Cleveland State,33,11,22,.333,-13.07,-3.04,,6,14,,7,8,,3,13,,2633,2836,,71.5,111.6,.366,.496,.583,47.4,58.4,7.9,7.8,.547,15.8,29.1,.276"
"54,Coastal Carolina,32,19,13,.594,-7.52,-5.78,,11,7,,8,5,,10,7,,2346,2323,,68.9,104.0,.318,.433,.523,51.1,41.5,6.2,8.3,.486,13.3,27.7,.232"
"55,Colgate,33,18,15,.545,-5.99,-5.38,,11,7,,9,5,,6,10,,2522,2462,,66.9,111.7,.292,.350,.572,50.0,51.9,8.7,8.7,.542,13.2,27.1,.218"
"56,College of Charleston,32,21,11,.656,-1.17,-2.59,,14,4,,11,4,,8,4,,2413,2348,,68.5,109.2,.409,.378,.545,50.0,52.2,8.1,12.5,.501,13.4,30.2,.300"
"57,Colorado,32,17,15,.531,10.89,10.36,,7,11,,13,5,,2,8,,2559,2542,,70.1,113.2,.358,.351,.570,49.7,55.7,9.0,8.8,.532,12.7,29.0,.271"
"58,Colorado State,33,21,12,.636,8.56,5.03,,11,9,,12,5,,6,5,,2510,2347,,64.6,117.8,.394,.489,.620,52.1,63.0,8.3,6.7,.585,16.2,30.0,.304"
"59,Columbia,28,16,12,.571,-2.56,-3.95,,5,9,,9,5,,7,7,,2146,2007,,67.6,112.4,.282,.372,.563,56.2,55.4,8.6,8.1,.541,16.1,37.5,.194"
"60,Connecticut NCAA,34,29,5,.853,22.92,10.53,,17,3,,15,2,,9,2,,2635,2214,,66.0,116.5,.300,.403,.578,54.2,65.0,10.3,15.2,.553,14.3,35.7,.215"
"61,Coppin State,31,7,24,.226,-24.84,-8.11,,5,9,,3,6,,4,15,,2032,2493,,69.4,94.0,.378,.352,.500,47.7,51.4,9.2,10.7,.463,19.0,31.4,.255"
"62,Cornell,28,15,13,.536,-1.67,-2.83,,8,6,,7,4,,8,8,,2477,2335,,72.1,121.5,.290,.526,.621,51.2,68.7,8.2,7.4,.599,14.1,31.2,.215"
"63,Creighton,32,15,17,.469,10.57,10.47,,9,11,,10,6,,4,8,,2404,2401,,68.5,109.2,.275,.482,.562,49.6,58.4,8.5,6.2,.531,14.5,27.5,.209"
"64,Dartmouth,27,11,16,.407,-8.24,-2.92,,5,9,,5,8,,6,8,,2047,2071,,69.7,108.2,.370,.491,.567,49.7,55.5,7.1,9.8,.529,15.4,25.8,.276"
"65,Davidson,33,20,13,.606,4.27,2.76,,10,8,,11,7,,7,4,,2367,2225,,64.5,109.9,.325,.442,.556,49.7,53.9,10.1,12.6,.535,13.8,29.2,.212"
"66,Dayton,34,23,11,.676,8.85,4.37,,12,6,,14,3,,6,5,,2528,2376,,68.1,108.0,.471,.415,.567,49.3,59.9,12.1,12.4,.517,15.4,27.0,.353"
"67,Delaware,31,10,21,.323,-8.65,-2.45,,6,14,,5,10,,4,10,,2098,2293,,64.2,103.3,.306,.460,.566,46.9,52.2,8.6,9.1,.528,16.8,21.0,.241"
"68,Delaware State,31,8,23,.258,-22.55,-10.81,,2,12,,5,7,,2,14,,1896,2185,,66.5,91.2,.321,.285,.478,47.6,47.9,11.4,5.4,.440,17.1,28.2,.221"
"69,Denver,32,15,17,.469,-5.76,-2.04,,8,8,,9,5,,6,11,,2650,2650,,69.5,119.2,.344,.386,.590,49.8,40.0,6.6,5.2,.553,12.3,30.8,.266"
"70,DePaul,32,16,16,.500,7.45,6.76,,8,12,,11,7,,4,7,,2248,2226,,67.7,103.7,.353,.390,.531,49.2,60.9,10.2,9.4,.498,15.4,30.0,.244"
"71,Detroit Mercy,32,17,15,.531,-5.62,-3.19,,12,8,,9,5,,7,9,,2471,2475,,70.0,110.2,.343,.308,.543,52.1,48.0,8.5,9.3,.498,13.7,34.1,.266"
"72,Drake,34,14,20,.412,-0.93,1.44,,6,14,,6,11,,4,7,,2552,2544,,68.1,109.5,.335,.457,.553,49.3,52.0,8.0,9.2,.521,13.1,27.1,.241"
"73,Drexel,33,17,16,.515,-4.73,-4.48,,10,8,,12,4,,4,9,,2247,2221,,65.7,103.6,.312,.401,.532,50.9,54.4,9.3,9.9,.508,16.4,31.7,.206"
"74,Duke NCAA,34,32,2,.941,31.55,12.41,,17,1,,15,0,,10,1,,2798,2147,,67.1,122.6,.378,.444,.597,57.8,59.2,11.6,10.4,.568,13.3,38.1,.273"
"75,Duquesne,33,18,15,.545,3.38,2.34,,9,9,,12,6,,5,7,,2584,2481,,69.7,110.6,.378,.438,.566,50.9,56.2,11.0,8.9,.532,15.3,31.1,.270"
"76,East Carolina,31,11,20,.355,-5.73,0.43,,6,12,,7,10,,4,8,,2217,2401,,69.3,102.0,.393,.313,.507,50.4,47.3,9.2,10.6,.464,14.8,33.8,.276"
"77,East Tennessee State,34,23,11,.676,-0.64,-7.33,,13,5,,13,4,,8,6,,2638,2356,,66.9,115.1,.339,.379,.585,51.2,50.7,13.0,11.3,.553,13.3,29.4,.252"
"78,East Texas A&M,32,11,21,.344,-11.01,-2.05,,6,16,,6,8,,4,13,,2246,2385,,69.3,101.2,.311,.464,.534,47.2,64.9,10.5,8.7,.508,16.5,26.6,.211"
"79,Eastern Illinois,33,13,20,.394,-13.46,-5.83,,8,12,,9,6,,3,13,,2214,2321,,66.6,99.6,.332,.301,.517,48.1,51.1,11.5,9.4,.476,16.1,29.4,.244"
"80,Eastern Kentucky,32,11,21,.344,-10.18,-4.58,,7,11,,8,7,,3,13,,2568,2619,,69.8,113.3,.312,.507,.557,50.3,53.4,9.9,9.0,.527,14.0,33.7,.226"
"81,Eastern Michigan,31,10,21,.323,-5.71,-1.51,,4,14,,7,7,,3,14,,2191,2279,,68.4,102.4,.295,.319,.530,50.0,48.5,8.6,10.9,.497,15.2,28.4,.215"
"82,Eastern Washington,33,14,19,.424,-1.98,-0.48,,11,7,,8,4,,5,13,,2576,2606,,69.1,112.2,.357,.348,.574,50.3,49.0,8.5,9.6,.539,15.3,31.5,.265"
"83,Elon,32,14,18,.438,-5.48,-3.01,,6,12,,8,8,,6,9,,2500,2492,,68.1,113.0,.337,.431,.557,50.1,54.5,10.0,8.9,.525,13.4,33.3,.243"
"84,Evansville,32,7,25,.219,-8.81,3.69,,3,17,,5,10,,1,12,,2143,2447,,67.5,98.5,.297,.433,.532,46.7,55.6,7.7,10.0,.499,17.0,23.0,.217"
"85,Fairfield,34,21,13,.618,-8.06,-9.06,,11,9,,12,4,,7,8,,2528,2432,,67.6,109.6,.277,.359,.521,52.7,45.0,9.8,9.6,.491,12.5,36.1,.197"
"86,FDU,32,11,21,.344,-14.99,-7.43,,8,10,,8,6,,3,15,,2150,2245,,64.5,103.8,.321,.455,.517,52.5,51.9,7.8,4.9,.483,15.4,33.6,.226"
"87,Florida NCAA,33,26,7,.788,27.90,13.11,,16,2,,14,1,,8,2,,2864,2376,,72.5,119.8,.391,.371,.568,59.5,54.0,9.2,12.4,.535,13.5,43.2,.277"
"88,Florida A&M,31,15,16,.484,-14.02,-8.95,,11,7,,8,4,,5,11,,2183,2312,,70.3,99.7,.374,.376,.532,49.9,52.4,11.5,8.1,.497,18.6,30.9,.261"
"89,Florida Atlantic,33,18,15,.545,3.77,1.93,,9,9,,11,4,,4,8,,2596,2453,,70.4,110.5,.330,.386,.555,52.8,46.8,8.3,14.0,.525,14.8,32.9,.234"
"90,Florida Gulf Coast,34,16,18,.471,-6.41,-5.03,,8,10,,11,6,,3,11,,2631,2598,,69.3,110.5,.287,.393,.546,52.0,52.0,11.0,11.5,.518,13.4,32.6,.206"
"91,Florida International,32,15,17,.469,-1.82,-0.47,,8,12,,12,6,,3,10,,2580,2492,,72.8,109.5,.390,.334,.548,50.9,52.4,12.4,13.6,.515,15.0,35.4,.268"
"92,Florida State,33,18,15,.545,11.66,9.24,,10,8,,11,6,,6,5,,2652,2572,,71.8,111.9,.347,.506,.555,48.0,52.5,11.0,11.6,.523,13.1,30.8,.247"
"93,Fordham,32,17,15,.531,0.25,-0.96,,8,10,,11,7,,4,6,,2235,2095,,65.7,105.9,.257,.384,.522,54.5,54.7,11.1,6.8,.496,14.6,34.8,.179"
"94,Fresno State,32,13,19,.406,3.50,4.66,,7,13,,10,8,,2,10,,2331,2330,,69.4,104.9,.343,.407,.549,49.5,50.3,9.6,6.6,.510,16.0,28.3,.256"
"95,Furman NCAA,34,22,12,.647,-3.24,-6.14,,10,8,,11,5,,7,5,,2600,2397,,66.7,113.4,.317,.470,.575,54.2,57.0,7.1,9.6,.553,15.2,32.7,.219"
"96,Gardner-Webb,33,4,29,.121,-22.36,-1.86,,1,15,,3,10,,0,16,,2248,2820,,71.0,96.0,.307,.387,.517,43.8,41.3,8.9,6.8,.487,17.1,23.8,.210"
"97,George Mason,32,23,9,.719,6.45,1.19,,11,7,,17,2,,4,6,,2347,2160,,64.9,113.0,.421,.351,.573,52.9,50.1,7.7,9.0,.535,14.2,31.4,.307"
"98,George Washington,33,18,15,.545,9.05,2.24,,8,10,,12,4,,3,7,,2708,2433,,70.3,116.2,.350,.466,.578,54.2,55.4,10.6,10.5,.549,15.2,36.3,.251"
"99,Georgetown,34,16,18,.471,9.22,8.51,,6,14,,10,7,,4,8,,2503,2479,,67.0,108.7,.373,.352,.539,50.8,57.8,9.6,10.3,.496,13.5,32.5,.276"
"100,Georgia NCAA,32,22,10,.688,19.57,8.91,,10,8,,14,4,,6,4,,2874,2533,,73.4,120.5,.370,.439,.583,50.5,48.4,11.2,15.1,.546,12.2,35.2,.278"
"101,Georgia Southern,37,21,16,.568,-6.48,-6.02,,8,10,,9,5,,7,8,,2994,2949,,71.3,112.3,.390,.488,.561,46.8,42.0,11.2,10.2,.520,12.6,28.9,.291"
"102,Georgia State,32,10,22,.313,-11.59,-4.59,,7,11,,7,7,,3,12,,2253,2391,,69.3,101.3,.367,.432,.508,47.5,51.2,9.9,8.6,.452,13.6,28.4,.287"
"103,Georgia Tech,31,11,20,.355,3.10,6.74,,2,16,,10,9,,1,9,,2287,2400,,71.6,102.6,.333,.332,.534,50.3,59.9,8.4,11.4,.500,16.2,29.9,.237"
"104,Gonzaga NCAA,33,30,3,.909,25.11,5.98,,16,2,,15,0,,8,2,,2809,2178,,70.4,120.5,.311,.310,.585,55.4,56.7,12.1,11.4,.563,11.7,34.8,.217"
"105,Grambling,33,14,19,.424,-12.21,-9.99,,7,11,,7,5,,4,13,,2321,2314,,69.9,100.7,.410,.380,.536,49.8,50.8,11.5,8.0,.490,18.2,30.8,.300"
"106,Grand Canyon,32,20,12,.625,11.03,4.06,,13,7,,13,4,,6,5,,2420,2197,,69.0,109.2,.395,.389,.560,53.6,49.6,9.5,10.5,.517,15.3,31.3,.298"
"107,Green Bay,33,18,15,.545,-5.00,-3.04,,12,8,,10,4,,6,9,,2469,2470,,65.2,114.0,.416,.371,.595,49.9,54.6,6.8,8.6,.553,14.2,25.7,.318"
"108,Hampton,32,13,19,.406,-8.65,-4.55,,7,11,,10,2,,2,12,,2237,2264,,66.5,104.3,.373,.376,.512,51.0,50.3,9.7,9.0,.470,14.1,33.6,.268"
"109,Harvard,29,17,12,.586,-1.61,-4.08,,10,4,,8,4,,9,6,,2032,1934,,64.0,108.1,.265,.401,.567,50.3,55.4,11.1,10.6,.532,15.3,26.9,.212"
"110,Hawaii NCAA,32,24,8,.750,4.85,-3.59,,14,6,,16,3,,6,5,,2548,2231,,72.1,109.6,.429,.401,.566,54.5,51.1,9.1,10.1,.522,16.1,32.3,.318"
"111,High Point NCAA,34,30,4,.882,6.76,-7.89,,15,1,,17,1,,7,2,,3059,2389,,71.8,124.5,.433,.420,.603,51.5,53.6,15.1,11.4,.566,11.1,33.1,.322"
"112,Hofstra NCAA,34,24,10,.706,4.48,-2.46,,12,6,,10,2,,9,8,,2571,2246,,65.6,114.4,.319,.437,.557,53.7,49.0,7.5,10.6,.522,13.5,35.5,.238"
"113,Holy Cross,33,11,22,.333,-13.67,-6.80,,5,13,,6,8,,4,14,,2251,2418,,66.1,103.3,.319,.374,.535,47.7,45.0,8.7,5.1,.496,13.7,23.0,.241"
"114,Houston NCAA,34,28,6,.824,26.23,11.93,,14,4,,15,1,,6,3,,2623,2137,,64.9,118.4,.269,.408,.554,52.2,52.9,11.9,12.5,.521,10.9,35.9,.208"
"115,Houston Christian,32,12,20,.375,-9.76,-3.63,,8,14,,9,5,,3,13,,2147,2309,,65.2,102.5,.364,.365,.532,48.8,58.8,10.2,11.2,.497,16.5,30.5,.254"
"116,Howard NCAA,33,23,10,.697,-4.64,-11.85,,11,3,,11,4,,7,6,,2556,2236,,69.9,110.4,.450,.340,.562,53.6,62.2,12.3,10.1,.517,16.4,37.2,.329"
"117,Idaho NCAA,35,21,14,.600,-0.05,-2.70,,9,9,,9,4,,7,9,,2753,2540,,69.6,112.7,.340,.468,.565,53.1,46.7,8.4,6.4,.531,13.2,30.0,.250"
"118,Idaho State,33,13,20,.394,-5.54,-1.61,,5,13,,8,6,,3,12,,2459,2513,,66.9,111.0,.382,.412,.560,53.1,46.7,7.8,12.0,.520,14.3,34.2,.282"
"119,Illinois NCAA,32,24,8,.750,26.45,11.89,,15,5,,14,3,,8,2,,2700,2234,,66.2,125.5,.329,.507,.588,56.7,51.2,5.6,12.6,.551,11.0,38.7,.260"
"120,Illinois State,32,20,12,.625,6.30,0.85,,12,8,,13,2,,5,7,,2404,2190,,67.4,111.0,.314,.423,.567,52.5,50.2,8.5,6.3,.541,14.6,29.4,.221"
"121,Illinois-Chicago,34,19,15,.559,3.81,0.46,,12,8,,9,5,,7,8,,2567,2379,,67.2,110.7,.363,.326,.546,52.8,54.1,11.7,11.7,.507,14.8,37.0,.265"
"122,Incarnate Word,31,12,19,.387,-7.09,-2.51,,7,15,,9,6,,2,12,,2302,2285,,66.3,112.0,.330,.392,.552,51.3,45.0,8.1,7.0,.521,14.2,34.1,.237"
"123,Indiana,32,18,14,.563,16.70,10.70,,9,11,,14,4,,3,8,,2501,2309,,66.6,116.0,.350,.505,.598,50.0,62.5,6.9,7.4,.561,13.5,26.9,.273"
"124,Indiana State,32,11,21,.344,-2.70,0.70,,4,16,,8,7,,3,12,,2354,2383,,68.9,104.7,.282,.449,.557,49.4,64.7,8.8,7.9,.536,17.2,27.4,.190"
"125,Iona,32,18,14,.563,-7.27,-7.99,,10,10,,11,3,,6,8,,2363,2340,,68.4,105.8,.293,.459,.546,48.8,53.7,9.5,8.1,.519,15.1,27.8,.207"
"126,Iowa NCAA,33,21,12,.636,19.00,9.76,,10,10,,14,3,,3,8,,2482,2177,,63.4,118.2,.345,.416,.600,50.8,58.0,11.2,6.7,.566,13.4,30.1,.266"
"127,Iowa State NCAA,34,27,7,.794,27.15,10.50,,12,6,,16,1,,5,5,,2781,2215,,68.2,120.0,.340,.388,.585,53.5,58.4,13.2,8.6,.565,12.8,35.3,.229"
"128,IU Indy,32,7,25,.219,-12.45,-4.15,,3,17,,5,9,,2,15,,2673,2825,,76.1,109.3,.211,.429,.551,45.9,64.0,11.6,8.4,.529,13.7,29.4,.154"
"129,Jackson State,33,12,21,.364,-19.48,-5.96,,10,8,,7,3,,4,15,,2318,2764,,71.0,98.1,.374,.433,.508,45.8,45.8,8.8,8.1,.457,16.8,29.7,.284"
"130,Jacksonville,32,12,20,.375,-10.72,-5.05,,7,11,,8,4,,3,14,,2339,2349,,66.0,109.8,.336,.379,.549,52.4,46.2,10.0,8.4,.517,14.4,33.6,.241"
"131,Jacksonville State,32,15,17,.469,-3.46,-2.80,,10,10,,10,7,,5,8,,2325,2188,,66.7,108.2,.426,.391,.544,52.4,49.6,9.2,9.6,.509,14.6,31.5,.292"
"132,James Madison,33,18,15,.545,-4.96,-5.24,,9,9,,11,4,,5,10,,2460,2437,,67.0,110.5,.359,.424,.560,51.5,48.4,7.7,11.6,.529,14.9,30.9,.253"
"133,Kansas NCAA,33,23,10,.697,21.10,14.86,,12,6,,14,2,,5,6,,2496,2290,,68.2,110.0,.326,.357,.555,51.5,53.3,8.0,15.6,.516,13.5,29.5,.250"
"134,Kansas City,31,4,27,.129,-19.67,-1.92,,1,15,,3,11,,1,15,,2149,2600,,71.9,96.1,.310,.369,.499,45.5,47.5,8.7,8.1,.468,15.9,27.5,.209"
"135,Kansas State,32,12,20,.375,8.58,10.86,,3,15,,10,8,,1,10,,2546,2619,,73.8,107.8,.269,.409,.557,47.7,57.7,9.5,9.1,.533,15.3,29.2,.191"
"136,Kennesaw State NCAA,34,21,13,.618,0.13,-2.00,,10,10,,13,3,,4,8,,2834,2586,,72.4,114.2,.436,.434,.557,53.3,51.6,9.7,14.3,.522,13.7,36.6,.301"
"137,Kent State,33,24,9,.727,-0.10,-2.45,,14,4,,14,3,,7,5,,2808,2628,,72.8,114.7,.429,.447,.574,53.7,57.6,9.3,9.8,.531,15.1,35.8,.318"
"138,Kentucky NCAA,34,21,13,.618,19.80,12.86,,10,8,,14,4,,4,6,,2746,2510,,69.8,115.7,.375,.392,.567,52.1,57.0,10.2,12.3,.531,12.8,33.8,.273"
"139,La Salle,32,9,23,.281,-4.10,4.00,,5,13,,7,6,,1,13,,2148,2370,,66.5,100.9,.369,.315,.503,50.3,55.7,10.2,7.9,.457,15.4,33.8,.267"
"140,Lafayette,32,11,21,.344,-12.84,-6.58,,8,10,,6,10,,5,11,,2222,2381,,67.2,102.9,.325,.400,.523,48.0,55.4,8.2,6.6,.492,13.5,26.1,.224"
"141,Lamar,31,12,19,.387,-5.73,-3.66,,7,15,,7,8,,5,10,,2167,2143,,66.3,105.0,.278,.345,.516,52.9,56.3,9.7,13.0,.486,15.0,36.0,.195"
"142,Le Moyne,32,15,17,.469,-10.89,-9.31,,10,8,,9,4,,5,12,,2336,2341,,69.4,105.1,.385,.405,.564,49.8,56.5,8.4,9.1,.529,16.9,25.5,.277"
"143,Lehigh NCAA,34,18,16,.529,-9.32,-7.04,,11,7,,13,4,,4,11,,2490,2515,,67.1,105.7,.323,.389,.565,47.1,55.0,9.7,8.2,.534,15.8,23.6,.236"
"144,Liberty,32,25,7,.781,2.47,-1.57,,17,3,,14,2,,10,2,,2501,2253,,65.0,119.4,.308,.492,.628,46.6,61.8,9.6,9.5,.612,12.4,19.6,.217"
"145,Lindenwood,33,18,15,.545,-9.11,-8.44,,11,9,,9,5,,7,9,,2566,2398,,73.7,105.5,.371,.307,.533,51.6,51.6,12.0,11.0,.501,15.6,33.9,.252"
"146,Lipscomb,32,19,13,.594,-4.18,-4.78,,12,6,,13,1,,6,11,,2549,2423,,70.9,111.9,.257,.482,.576,49.0,63.2,9.8,7.7,.549,14.0,27.0,.194"
"147,Little Rock,32,12,20,.375,-12.97,-7.71,,9,11,,7,6,,5,13,,2257,2372,,68.5,103.0,.283,.309,.526,48.1,53.1,11.5,12.6,.501,16.0,32.2,.191"
"148,Long Beach State,32,10,22,.313,-5.51,0.26,,6,14,,7,9,,3,13,,2396,2489,,71.3,103.8,.302,.342,.545,49.3,47.6,9.7,8.0,.514,15.7,27.0,.220"
"149,Long Island University NCAA,34,24,10,.706,-4.96,-7.93,,15,3,,14,1,,10,9,,2519,2418,,68.1,108.3,.347,.290,.557,51.3,49.7,11.4,13.9,.533,16.4,34.3,.232"
"150,Longwood,32,16,16,.500,-8.22,-7.88,,8,8,,11,4,,4,10,,2486,2370,,70.0,108.1,.408,.335,.556,53.9,47.0,12.1,7.3,.512,16.6,35.3,.302"
"151,Louisiana,33,11,22,.333,-12.03,-5.03,,7,11,,7,8,,3,13,,2101,2332,,64.1,99.3,.287,.405,.504,46.7,45.9,9.0,10.8,.471,14.5,28.3,.202"
"152,Louisiana State,32,15,17,.469,12.69,9.75,,3,15,,9,8,,3,7,,2606,2512,,68.6,115.5,.409,.345,.573,51.6,52.5,8.5,10.3,.528,13.4,33.1,.313"
"153,Louisiana Tech,34,20,14,.588,-2.92,-2.98,,11,9,,14,3,,4,10,,2375,2210,,65.1,106.1,.328,.335,.520,53.8,49.3,11.2,16.2,.491,15.4,37.3,.219"
"154,Louisiana-Monroe,32,4,28,.125,-18.52,-4.86,,1,17,,3,11,,1,15,,2318,2685,,71.1,101.1,.394,.415,.525,44.8,50.8,8.5,9.0,.479,15.0,25.3,.288"
"155,Louisville NCAA,33,23,10,.697,23.41,10.83,,11,7,,15,2,,4,7,,2797,2382,,71.0,119.4,.335,.528,.599,53.7,59.5,9.7,9.2,.564,14.1,32.9,.257"
"156,Loyola (IL),33,9,24,.273,-6.13,2.84,,4,14,,6,10,,1,9,,2204,2500,,65.9,101.0,.348,.477,.528,50.4,60.8,6.1,11.6,.498,17.1,30.5,.234"
"157,Loyola (MD),32,12,20,.375,-13.33,-8.49,,8,10,,8,6,,3,13,,2407,2466,,68.5,108.1,.303,.470,.541,49.9,50.1,8.9,9.9,.512,13.6,29.3,.213"
"158,Loyola Marymount,32,15,17,.469,1.08,1.50,,6,12,,10,8,,4,7,,2376,2306,,68.6,107.0,.313,.400,.556,48.8,49.4,8.8,10.9,.528,15.2,27.1,.220"
"159,Maine,32,8,24,.250,-16.91,-9.59,,6,10,,4,8,,4,14,,2001,2190,,65.4,95.6,.376,.374,.531,43.2,55.2,11.9,9.1,.505,17.4,19.7,.241"
"160,Manhattan,32,12,20,.375,-15.10,-7.90,,8,12,,7,7,,3,12,,2369,2526,,68.3,107.1,.343,.373,.535,46.4,50.7,11.3,6.0,.486,13.4,29.5,.273"
"161,Marist,31,19,12,.613,-3.63,-8.60,,12,8,,11,4,,7,7,,2160,1979,,66.5,104.3,.253,.347,.533,51.2,59.3,10.5,9.0,.498,14.6,29.4,.198"
"162,Marquette,32,12,20,.375,9.22,9.84,,7,13,,10,7,,2,10,,2405,2425,,70.1,106.0,.328,.422,.533,47.0,58.1,13.2,8.4,.505,13.9,29.7,.221"
"163,Marshall,32,19,13,.594,-2.83,-4.41,,11,7,,13,4,,6,8,,2596,2497,,70.7,114.7,.291,.444,.577,50.3,57.4,8.7,13.4,.551,14.2,32.4,.213"
"164,Maryland,33,12,21,.364,4.80,11.68,,4,16,,7,8,,2,10,,2300,2527,,66.7,104.1,.364,.469,.522,51.5,45.2,7.1,9.1,.481,15.7,33.8,.263"
"165,Maryland-Baltimore County NCAA,32,24,8,.750,-4.40,-11.86,,14,2,,15,2,,9,6,,2439,2144,,66.9,113.0,.329,.392,.577,51.8,45.2,7.5,6.8,.542,12.7,25.6,.251"
"166,Maryland-Eastern Shore,32,9,23,.281,-17.48,-8.35,,5,9,,6,4,,2,18,,2060,2265,,64.9,97.3,.290,.333,.526,50.3,56.3,8.6,8.1,.494,20.5,32.9,.208"
"167,Massachusetts,33,17,16,.515,-2.14,-3.23,,7,11,,11,5,,2,8,,2648,2562,,71.1,110.3,.366,.353,.557,53.9,59.1,9.2,6.7,.530,15.3,34.1,.246"
"168,Massachusetts-Lowell,33,15,18,.455,-14.12,-8.42,,9,7,,10,4,,5,14,,2471,2518,,69.4,107.9,.363,.309,.539,53.2,45.7,7.6,7.8,.510,14.9,34.8,.242"
"169,McNeese NCAA,33,28,5,.848,7.74,-2.06,,19,3,,14,0,,9,5,,2641,2193,,67.3,117.6,.381,.347,.563,51.1,50.3,15.5,15.7,.523,11.9,36.4,.285"
"170,Memphis,32,13,19,.406,3.95,5.42,,8,10,,10,6,,3,10,,2407,2454,,71.4,104.6,.347,.337,.526,49.8,49.8,11.7,12.7,.487,16.0,35.3,.250"
"171,Mercer,32,19,13,.594,-2.87,-5.21,,11,7,,14,1,,5,11,,2646,2416,,70.9,116.6,.375,.406,.568,50.8,48.1,11.1,9.5,.533,12.5,33.7,.271"
"172,Mercyhurst,34,17,17,.500,-9.86,-9.46,,10,8,,12,3,,5,14,,2358,2291,,65.0,105.2,.249,.315,.531,48.6,55.5,11.0,10.9,.504,12.7,26.7,.180"
"173,Merrimack,34,23,11,.676,-4.27,-6.33,,17,3,,11,0,,9,8,,2330,2260,,63.7,106.4,.382,.461,.543,42.9,56.0,12.7,13.9,.491,13.2,24.8,.301"
"174,Miami (FL) NCAA,33,25,8,.758,18.04,7.28,,13,5,,15,3,,8,2,,2704,2349,,69.3,118.2,.375,.317,.581,55.6,53.7,11.4,10.0,.556,13.7,37.0,.257"
"175,Miami (OH) NCAA,32,31,1,.969,5.37,-5.49,,18,0,,16,0,,14,0,,2902,2409,,72.1,123.9,.396,.447,.640,51.4,51.5,10.2,8.6,.612,12.9,26.4,.296"
"176,Michigan NCAA,34,31,3,.912,32.48,14.86,,19,1,,14,1,,11,0,,2952,2353,,71.3,121.3,.377,.418,.612,56.2,60.7,8.0,15.9,.581,14.4,35.4,.282"
"177,Michigan State NCAA,32,25,7,.781,23.44,12.91,,15,5,,15,2,,6,4,,2526,2189,,66.8,117.3,.362,.364,.575,58.5,67.0,7.6,13.3,.536,14.4,38.5,.276"
"178,Middle Tennessee,32,17,15,.531,0.23,1.36,,11,9,,11,4,,5,8,,2414,2329,,67.3,109.6,.320,.459,.551,51.5,54.0,8.9,11.3,.523,14.4,31.4,.225"
"179,Milwaukee,32,12,20,.375,-7.52,-2.26,,8,12,,8,6,,3,14,,2440,2548,,69.5,109.7,.322,.375,.534,51.3,48.4,9.7,8.5,.505,12.7,33.6,.222"
"180,Minnesota,32,15,17,.469,10.45,8.95,,8,12,,13,4,,2,9,,2241,2193,,63.0,109.9,.359,.471,.570,48.9,72.0,10.2,8.2,.542,14.7,27.2,.251"
"181,Mississippi,35,15,20,.429,11.13,11.36,,4,14,,7,9,,3,7,,2656,2664,,68.3,109.2,.330,.355,.543,48.0,50.2,10.2,12.9,.504,12.2,28.3,.247"
"182,Mississippi State,32,13,19,.406,7.27,11.46,,5,13,,8,8,,4,6,,2484,2618,,71.5,107.4,.307,.401,.538,49.8,45.1,8.0,11.1,.515,13.9,29.8,.202"
"183,Mississippi Valley State,33,3,30,.091,-28.36,-7.89,,2,16,,2,9,,1,18,,2120,2739,,70.0,91.1,.337,.308,.498,45.3,53.4,10.3,8.0,.457,19.2,26.6,.241"
"184,Missouri NCAA,32,20,12,.625,13.08,8.77,,10,8,,15,3,,5,7,,2549,2411,,68.4,115.6,.425,.360,.582,52.6,50.6,9.7,10.4,.553,15.3,35.5,.291"
"185,Missouri State,34,16,18,.471,-2.67,-1.41,,8,12,,11,7,,3,10,,2551,2502,,66.9,110.5,.421,.409,.550,50.6,56.6,10.0,8.4,.517,14.0,33.2,.285"
"186,Monmouth,34,19,15,.559,-2.11,-3.14,,11,7,,10,4,,6,9,,2471,2409,,67.5,106.4,.327,.343,.537,49.7,53.8,11.4,12.2,.498,14.4,31.6,.244"
"187,Montana,34,18,16,.529,-2.33,-0.47,,10,8,,11,6,,5,9,,2627,2535,,71.2,108.6,.372,.418,.601,50.4,55.4,7.9,6.3,.564,17.5,22.0,.286"
"188,Montana State,32,18,14,.563,1.09,-1.05,,12,6,,11,2,,6,11,,2493,2285,,67.6,114.4,.300,.454,.580,50.3,41.7,10.0,7.4,.551,13.0,28.2,.223"
"189,Morehead State,33,20,13,.606,-11.13,-7.56,,15,5,,11,2,,7,10,,2484,2466,,67.4,110.8,.373,.306,.552,51.6,50.2,9.6,8.4,.513,14.7,36.4,.273"
"190,Morgan State,30,14,16,.467,-19.26,-10.93,,10,4,,9,6,,5,9,,2258,2347,,71.3,105.1,.418,.357,.532,48.7,52.7,6.9,9.1,.483,15.1,31.3,.310"
"191,Mount St. Mary's,32,15,17,.469,-10.35,-7.22,,11,9,,8,5,,7,11,,2178,2244,,67.7,100.2,.325,.431,.534,52.6,56.4,9.0,9.5,.508,19.3,32.6,.218"
"192,Murray State,32,20,12,.625,3.90,0.49,,12,8,,12,3,,5,6,,2667,2558,,72.3,115.3,.391,.448,.578,51.0,49.3,8.3,8.9,.538,14.0,33.0,.296"
"193,Navy,33,26,7,.788,-0.87,-9.90,,17,1,,15,2,,10,4,,2465,2105,,65.2,113.3,.402,.335,.574,54.5,62.6,11.6,10.5,.536,14.8,32.9,.295"
"194,NC State NCAA,33,20,13,.606,18.02,10.83,,10,8,,11,6,,6,4,,2762,2525,,69.5,119.0,.352,.439,.590,49.3,54.8,11.5,10.6,.553,11.5,28.5,.270"
"195,Nebraska NCAA,32,26,6,.813,21.54,10.48,,15,5,,16,2,,7,3,,2473,2119,,67.3,114.0,.272,.507,.581,50.2,65.6,10.7,8.7,.554,12.8,26.3,.204"
"196,Nevada,34,22,12,.647,10.17,5.81,,12,8,,15,2,,4,8,,2582,2434,,66.8,112.0,.466,.323,.551,52.1,57.2,9.8,12.0,.497,12.8,32.1,.351"
"197,Nevada-Las Vegas,33,17,16,.515,5.63,6.10,,11,9,,10,6,,6,6,,2620,2593,,70.7,111.1,.409,.358,.563,50.2,51.4,10.6,13.1,.532,14.6,31.7,.281"
"198,New Hampshire,30,9,21,.300,-16.98,-7.26,,5,11,,8,5,,1,16,,2076,2238,,67.7,99.7,.287,.434,.503,48.9,45.1,8.9,6.1,.476,14.0,27.0,.189"
"199,New Haven,31,14,17,.452,-13.65,-7.69,,9,9,,9,6,,5,11,,2013,2055,,64.2,101.1,.307,.403,.532,48.7,51.5,10.2,6.8,.504,15.4,24.0,.212"
"200,New Mexico,33,23,10,.697,13.52,5.05,,13,7,,14,3,,7,5,,2658,2337,,70.6,114.2,.363,.429,.571,51.7,53.8,11.3,9.6,.538,13.2,30.5,.264"
"201,New Mexico State,32,16,16,.500,-1.29,-1.35,,8,12,,10,5,,3,8,,2403,2303,,68.1,109.0,.352,.381,.530,51.5,49.8,9.3,9.5,.490,12.9,33.2,.256"
"202,New Orleans,33,15,18,.455,-3.96,-0.81,,12,10,,5,6,,9,11,,2459,2563,,69.7,106.2,.464,.337,.548,51.6,52.5,8.2,10.2,.496,17.4,35.6,.345"
"203,Niagara,30,8,22,.267,-16.27,-7.85,,5,15,,6,7,,2,14,,1916,2137,,63.1,100.8,.261,.402,.536,46.5,59.9,8.9,9.0,.508,16.7,25.4,.189"
"204,Nicholls State,33,14,19,.424,-6.77,-2.05,,12,10,,6,6,,7,12,,2388,2471,,68.7,105.3,.343,.442,.537,46.5,52.2,13.1,8.0,.510,15.0,29.1,.229"
"205,NJIT,33,16,17,.485,-15.76,-8.26,,10,6,,8,6,,8,11,,2212,2417,,68.3,98.1,.331,.407,.505,47.6,46.2,9.8,9.3,.467,14.8,27.1,.234"
"206,Norfolk State,32,15,17,.469,-13.57,-10.53,,8,6,,9,4,,5,10,,2445,2362,,70.1,108.9,.424,.302,.551,51.4,44.6,10.1,9.3,.515,15.1,33.8,.294"
"207,North Alabama,30,9,21,.300,-15.65,-5.51,,4,14,,5,8,,4,12,,2082,2328,,65.9,104.4,.378,.338,.523,49.5,41.1,9.8,11.4,.487,14.7,31.5,.260"
"208,North Carolina NCAA,32,24,8,.750,19.39,10.92,,12,6,,18,0,,4,6,,2553,2282,,68.8,116.0,.374,.423,.572,52.6,57.0,7.8,8.6,.546,12.2,31.4,.256"
"209,North Carolina A&T,30,11,19,.367,-9.56,-4.96,,4,14,,6,6,,4,11,,2252,2335,,69.6,107.4,.451,.325,.555,52.8,46.5,7.6,10.5,.512,15.9,31.9,.323"
"210,North Carolina Central,32,14,18,.438,-18.15,-8.50,,8,6,,8,5,,4,12,,2299,2415,,68.2,104.9,.388,.337,.537,46.1,54.8,12.8,10.5,.495,15.4,31.2,.283"
"211,North Dakota,35,18,17,.514,-8.93,-3.52,,10,6,,9,7,,7,8,,2680,2705,,69.6,109.2,.365,.403,.539,47.8,43.0,12.1,8.2,.504,12.1,29.1,.257"
"212,North Dakota State NCAA,34,27,7,.794,2.50,-5.79,,14,2,,13,1,,10,5,,2745,2366,,68.5,116.1,.308,.419,.573,53.5,53.9,12.0,9.0,.545,13.2,33.3,.223"
"213,North Florida,32,7,25,.219,-15.41,-2.98,,5,13,,5,8,,2,14,,2547,2821,,72.5,109.4,.288,.511,.570,45.2,50.6,7.0,3.4,.536,15.2,26.8,.223"
"214,North Texas,33,19,14,.576,2.08,1.14,,9,9,,12,5,,5,7,,2341,2225,,66.5,104.2,.399,.325,.515,50.0,51.1,13.7,13.5,.474,14.2,33.4,.277"
"215,Northeastern,31,7,24,.226,-8.88,-2.82,,2,16,,2,10,,3,13,,2322,2510,,69.6,107.1,.294,.378,.549,47.5,55.7,10.0,8.1,.524,14.4,27.3,.203"
"216,Northern Arizona,32,10,22,.313,-10.73,-1.22,,4,14,,9,7,,1,13,,2282,2445,,66.6,107.1,.330,.368,.558,45.8,51.8,10.3,7.9,.533,14.1,24.2,.224"
"217,Northern Colorado,32,20,12,.625,0.30,-2.46,,10,8,,11,3,,8,7,,2640,2449,,70.0,116.0,.267,.429,.594,53.4,54.8,6.1,6.8,.568,13.5,28.6,.203"
"218,Northern Illinois,30,9,21,.300,-14.77,-2.24,,4,14,,6,7,,3,14,,2086,2334,,69.7,99.7,.381,.450,.519,50.6,52.8,8.7,5.3,.486,18.2,32.4,.253"
"219,Northern Iowa NCAA,35,23,12,.657,8.49,1.49,,11,9,,12,5,,6,6,,2447,2144,,63.7,109.1,.256,.399,.568,49.2,57.4,10.1,9.9,.548,13.2,22.1,.179"
"220,Northern Kentucky,34,20,14,.588,-2.45,-4.67,,10,10,,12,5,,7,8,,2827,2634,,71.8,114.9,.362,.446,.574,50.4,54.6,11.9,9.7,.544,14.0,33.1,.258"
"221,Northwestern,34,15,19,.441,12.61,11.43,,5,15,,9,7,,3,8,,2487,2447,,65.3,111.6,.339,.340,.555,46.8,65.8,8.8,10.6,.517,11.5,28.1,.255"
"222,Northwestern State,32,10,22,.313,-9.31,-2.47,,8,14,,8,6,,2,15,,2185,2317,,65.7,103.5,.403,.338,.540,47.8,51.4,9.8,6.9,.494,15.6,27.2,.299"
"223,Notre Dame,31,13,18,.419,9.05,9.93,,4,14,,10,7,,2,9,,2308,2335,,66.7,109.9,.341,.435,.552,52.1,47.4,6.6,7.3,.523,14.6,31.2,.237"
"224,Oakland,32,16,16,.500,-1.35,-0.12,,12,8,,7,6,,8,9,,2642,2614,,71.4,115.7,.380,.339,.572,49.0,54.4,10.7,9.6,.533,12.7,31.6,.285"
"225,Ohio,32,15,17,.469,-4.65,-1.35,,9,9,,10,6,,4,8,,2492,2515,,70.4,109.7,.370,.380,.553,48.2,48.9,8.6,9.1,.520,13.4,28.7,.261"
"226,Ohio State NCAA,33,21,12,.636,19.06,12.06,,12,8,,14,3,,5,6,,2633,2402,,66.5,118.6,.378,.401,.603,51.6,52.0,7.2,7.0,.565,13.6,30.8,.293"
"227,Oklahoma,34,19,15,.559,15.02,9.37,,7,11,,11,5,,4,7,,2813,2621,,68.4,120.1,.359,.438,.585,50.7,50.2,9.1,10.4,.551,12.3,33.6,.268"
"228,Oklahoma State,33,19,14,.576,11.93,10.57,,6,12,,14,5,,2,7,,2781,2736,,74.0,112.6,.394,.359,.563,50.6,51.0,9.6,7.2,.521,13.8,31.3,.296"
"229,Old Dominion,33,12,21,.364,-7.19,-4.19,,7,11,,7,6,,4,14,,2514,2570,,70.4,107.4,.347,.362,.545,48.4,49.2,8.1,8.3,.508,13.5,26.5,.255"
"230,Omaha,33,16,17,.485,-7.25,-3.49,,8,8,,10,4,,5,10,,2507,2522,,68.7,110.2,.331,.416,.569,50.3,48.9,8.3,8.8,.536,14.2,26.9,.244"
"231,Oral Roberts,33,10,23,.303,-10.11,-2.21,,4,12,,7,8,,1,13,,2420,2558,,69.8,104.3,.366,.461,.544,49.6,48.3,8.5,9.0,.502,16.5,29.6,.272"
"232,Oregon,32,12,20,.375,8.95,12.04,,5,15,,10,7,,2,8,,2267,2366,,66.5,106.1,.350,.428,.534,49.9,59.0,9.1,11.7,.495,15.1,32.3,.255"
"233,Oregon State,33,17,16,.515,0.78,3.81,,9,9,,12,5,,4,7,,2347,2447,,66.2,105.8,.431,.443,.557,48.2,61.2,8.2,10.7,.505,15.7,26.8,.333"
"234,Pacific,33,18,15,.545,4.34,2.83,,8,10,,11,3,,4,11,,2399,2271,,65.9,109.9,.298,.355,.563,56.3,58.0,8.2,7.1,.530,16.8,35.8,.225"
"235,Penn State,32,12,20,.375,3.98,9.64,,3,17,,9,8,,2,9,,2358,2539,,67.5,109.2,.338,.381,.566,46.7,48.3,10.3,5.2,.530,13.9,25.9,.253"
"236,Pennsylvania NCAA,29,18,11,.621,-0.50,-1.72,,9,5,,12,2,,4,8,,2207,2126,,69.4,108.8,.366,.348,.540,50.2,52.9,9.7,8.6,.507,13.3,31.2,.253"
"237,Pepperdine,32,9,23,.281,-5.86,3.44,,4,14,,7,10,,2,11,,2312,2546,,69.5,103.2,.331,.385,.529,48.6,56.0,8.6,7.7,.488,15.8,31.3,.248"
"238,Pittsburgh,33,13,20,.394,8.58,9.88,,5,13,,8,10,,3,8,,2327,2370,,64.5,108.4,.304,.426,.535,51.9,52.3,10.1,9.5,.510,14.6,33.9,.205"
"239,Portland,34,15,19,.441,-2.08,3.95,,6,12,,12,6,,1,12,,2530,2669,,70.5,104.8,.355,.348,.556,49.8,62.1,8.3,9.0,.518,17.0,29.3,.262"
"240,Portland State,31,20,11,.645,0.06,-2.66,,13,5,,11,3,,8,7,,2376,2179,,69.6,109.3,.357,.345,.550,53.0,52.8,10.9,11.5,.517,14.3,31.9,.253"
"241,Prairie View A&M NCAA,35,18,17,.514,-12.74,-9.93,,9,9,,10,3,,3,13,,2761,2662,,73.8,106.4,.430,.307,.545,47.4,44.8,10.7,12.1,.495,14.1,28.0,.324"
"242,Presbyterian,33,15,18,.455,-8.31,-5.21,,7,9,,10,4,,3,13,,2388,2382,,66.7,107.2,.399,.291,.554,52.9,50.3,8.5,12.7,.522,16.6,33.9,.274"
"243,Princeton,29,9,20,.310,-6.92,-1.95,,5,9,,8,4,,1,12,,1989,2087,,64.7,105.1,.341,.446,.541,49.8,55.3,7.3,6.6,.500,14.8,28.0,.257"
"244,Providence,33,15,18,.455,10.84,9.53,,7,13,,10,6,,3,8,,2815,2772,,72.3,115.0,.367,.405,.586,51.7,47.5,7.2,9.6,.550,14.5,31.7,.278"
"245,Purdue NCAA,35,27,8,.771,25.64,14.13,,13,7,,12,5,,8,3,,2858,2455,,65.3,124.7,.286,.409,.601,55.5,66.8,8.5,8.9,.576,11.5,36.3,.213"
"246,Purdue Fort Wayne,32,17,15,.531,-7.27,-2.72,,11,9,,11,4,,6,11,,2499,2467,,70.2,111.2,.299,.444,.570,45.2,49.2,12.2,9.5,.544,12.7,23.6,.213"
"247,Queens (NC) NCAA,34,21,13,.618,-3.30,-4.97,,13,5,,12,2,,6,10,,2886,2820,,71.0,118.7,.374,.470,.599,48.9,54.8,8.3,7.9,.567,13.1,30.2,.277"
"248,Quinnipiac,32,19,13,.594,-5.48,-7.03,,12,8,,10,5,,9,7,,2411,2303,,70.0,106.8,.331,.341,.520,51.2,50.5,11.2,11.4,.488,13.1,34.4,.227"
"249,Radford,32,16,16,.500,-7.12,-6.19,,9,7,,12,5,,4,8,,2604,2523,,72.3,110.9,.401,.455,.561,49.3,47.7,10.7,9.4,.526,14.7,31.3,.283"
"250,Rhode Island,32,16,16,.500,2.43,0.74,,7,11,,10,6,,4,7,,2236,2182,,66.0,105.0,.384,.435,.541,49.2,47.9,12.6,12.0,.501,16.5,31.0,.277"
"251,Rice,31,13,18,.419,-4.48,0.28,,7,11,,8,8,,4,9,,2291,2311,,67.2,108.3,.340,.440,.527,50.9,48.3,9.8,10.5,.496,14.8,36.0,.233"
"252,Richmond,32,15,17,.469,2.26,0.29,,5,13,,11,7,,3,8,,2455,2366,,68.6,111.3,.367,.428,.565,47.7,54.7,10.2,7.4,.525,12.5,25.3,.276"
"253,Rider,29,4,25,.138,-19.14,-5.00,,3,17,,4,9,,0,16,,1840,2204,,65.9,96.3,.308,.275,.471,48.8,44.4,9.2,9.8,.433,14.3,32.9,.214"
"254,Robert Morris,33,22,11,.667,-1.29,-4.71,,13,7,,14,3,,8,7,,2555,2379,,66.4,114.5,.273,.401,.569,55.2,62.2,8.5,7.3,.549,15.6,38.6,.189"
"255,Rutgers,33,14,19,.424,4.91,9.46,,6,14,,10,7,,2,9,,2329,2479,,66.5,104.9,.361,.346,.520,47.6,50.6,9.1,9.7,.475,13.0,29.8,.268"
"256,Sacramento State,31,10,21,.323,-7.79,-0.08,,6,12,,10,4,,0,16,,2408,2542,,72.9,106.1,.407,.368,.536,46.3,50.8,10.4,9.1,.482,12.6,25.4,.316"
"257,Sacred Heart,33,14,19,.424,-11.27,-8.05,,9,11,,8,5,,5,13,,2482,2528,,68.4,109.6,.302,.507,.562,49.7,58.6,8.3,8.5,.525,15.3,29.5,.234"
"258,Saint Francis (PA),31,7,24,.226,-18.86,-5.83,,5,13,,5,8,,2,14,,2216,2510,,70.3,101.2,.305,.381,.525,47.3,52.5,10.5,6.0,.495,16.0,28.7,.212"
"259,Saint Joseph's,33,22,11,.667,2.65,0.98,,13,5,,13,3,,6,7,,2419,2306,,68.3,106.9,.308,.449,.535,52.0,60.9,8.0,12.7,.499,14.6,32.7,.229"
"260,Saint Louis NCAA,33,28,5,.848,17.27,1.52,,15,3,,19,0,,7,3,,2879,2294,,72.0,121.1,.341,.454,.626,55.2,60.0,9.9,9.8,.600,15.2,32.0,.254"
"261,Saint Mary's NCAA,32,27,5,.844,17.87,5.54,,16,2,,17,0,,8,2,,2502,2066,,66.5,117.6,.362,.362,.578,58.1,58.1,8.5,9.8,.532,13.8,37.8,.291"
"262,Saint Peter's,29,17,12,.586,-7.45,-7.59,,14,6,,13,1,,4,10,,2054,1984,,65.9,106.6,.350,.392,.517,50.8,53.7,13.5,11.5,.474,14.5,37.2,.256"
"263,Sam Houston,33,22,11,.667,3.57,-0.43,,13,7,,13,1,,6,9,,2714,2447,,71.1,115.7,.343,.364,.563,54.5,52.6,10.2,8.1,.531,13.9,37.6,.247"
"264,Samford,32,18,14,.563,-5.26,-6.09,,11,7,,11,3,,6,9,,2525,2409,,68.7,113.5,.409,.465,.568,50.6,56.0,6.6,7.2,.537,11.7,25.7,.282"
"265,San Diego,33,12,21,.364,-3.48,2.56,,5,13,,9,8,,2,11,,2458,2570,,69.3,106.2,.257,.431,.551,47.0,60.0,11.2,8.0,.521,15.6,29.1,.195"
"266,San Diego State,33,22,11,.667,13.62,8.12,,14,6,,14,2,,5,5,,2580,2342,,69.5,110.4,.383,.332,.568,51.0,54.2,10.8,15.2,.532,14.9,30.7,.280"
"267,San Francisco,33,17,16,.515,4.39,4.23,,8,10,,9,6,,4,7,,2464,2414,,67.1,110.4,.394,.459,.553,51.8,56.2,7.9,7.8,.516,13.9,31.7,.281"
"268,San Jose State,33,9,24,.273,-1.99,6.41,,3,17,,6,10,,1,12,,2376,2591,,66.0,108.7,.334,.382,.542,46.1,42.8,8.7,6.6,.505,13.2,30.0,.245"
"269,Santa Clara NCAA,34,26,8,.765,15.88,6.06,,15,3,,14,1,,8,3,,2817,2463,,69.7,118.9,.252,.451,.570,51.8,55.2,12.8,10.8,.546,13.0,36.7,.185"
"270,Seattle,33,20,13,.606,4.42,2.71,,8,10,,13,4,,5,7,,2373,2211,,69.0,103.7,.349,.383,.536,47.9,52.8,11.5,13.7,.502,14.8,26.5,.246"
"271,Seton Hall,33,21,12,.636,13.45,8.45,,10,10,,12,5,,6,5,,2321,2156,,66.5,105.8,.353,.268,.517,51.7,51.6,13.9,18.7,.476,14.0,35.6,.255"
"272,Siena NCAA,34,23,11,.676,-4.34,-9.19,,13,7,,9,4,,9,7,,2398,2233,,64.3,109.3,.342,.319,.548,52.1,53.0,9.0,9.1,.506,13.8,31.9,.263"
"273,South Alabama,32,21,11,.656,-4.39,-6.76,,11,7,,10,4,,8,6,,2387,2234,,66.2,110.5,.394,.367,.556,49.1,45.0,12.0,10.6,.530,11.5,25.6,.260"
"274,South Carolina,32,13,19,.406,7.62,9.16,,4,14,,11,8,,2,8,,2398,2447,,68.0,109.0,.367,.444,.550,47.6,52.9,8.0,6.2,.503,12.7,27.2,.287"
"275,South Carolina State,32,10,22,.313,-21.79,-8.63,,7,7,,6,5,,3,16,,2147,2522,,70.2,95.6,.410,.329,.506,47.0,52.9,9.9,11.3,.468,18.2,32.0,.274"
"276,South Carolina Upstate,32,13,19,.406,-10.24,-5.55,,5,11,,10,5,,3,13,,2376,2357,,70.0,104.5,.327,.363,.530,49.8,48.1,9.4,12.3,.500,15.1,29.9,.224"
"277,South Dakota,32,16,16,.500,-8.60,-4.88,,8,8,,12,5,,3,10,,2547,2566,,71.3,110.0,.448,.356,.557,50.0,46.3,8.6,5.8,.510,14.2,30.3,.330"
"278,South Dakota State,32,14,18,.438,-3.09,-2.95,,7,9,,9,4,,4,9,,2413,2331,,67.9,110.6,.300,.393,.555,53.5,52.2,8.4,7.5,.528,14.0,31.4,.213"
"279,South Florida NCAA,33,25,8,.758,13.29,2.60,,15,3,,13,2,,9,3,,2895,2492,,73.1,117.7,.410,.440,.556,53.1,59.3,12.3,11.1,.512,12.4,38.0,.305"
"280,Southeast Missouri State,33,20,13,.606,-6.85,-7.82,,14,6,,10,5,,8,7,,2460,2331,,70.5,105.3,.383,.363,.540,50.9,47.4,9.6,10.0,.505,14.6,29.7,.267"
"281,Southeastern Louisiana,31,9,22,.290,-9.31,-2.84,,6,16,,5,7,,2,15,,2016,2184,,65.8,98.4,.396,.397,.510,48.1,52.4,10.5,8.5,.470,16.3,29.1,.271"
"282,Southern,34,17,17,.500,-10.98,-6.95,,11,7,,8,4,,7,12,,2707,2650,,72.5,108.7,.395,.325,.546,50.2,54.0,12.7,10.6,.510,14.1,32.0,.276"
"283,Southern California,32,18,14,.563,10.58,11.16,,7,13,,9,7,,5,6,,2515,2494,,71.0,108.5,.441,.336,.551,51.5,57.2,8.8,15.3,.507,14.9,33.3,.319"
"284,Southern Illinois,32,16,16,.500,3.09,0.86,,10,10,,8,6,,7,8,,2336,2226,,69.8,103.4,.315,.296,.522,52.2,49.2,11.4,10.4,.493,14.7,31.2,.214"
"285,SIU Edwardsville,32,19,13,.594,-8.46,-10.25,,12,8,,10,5,,8,7,,2271,2070,,66.5,105.9,.307,.363,.534,51.2,51.1,11.3,11.3,.508,15.0,31.5,.207"
"286,Southern Indiana,30,7,23,.233,-16.23,-8.98,,4,16,,3,10,,4,11,,2061,2210,,68.8,99.1,.365,.405,.485,48.4,44.3,9.1,9.8,.449,14.4,32.2,.240"
"287,Southern Methodist NCAA,33,20,13,.606,17.27,10.66,,8,10,,15,3,,3,8,,2779,2561,,70.7,118.2,.306,.360,.586,52.5,55.1,10.0,11.2,.557,13.6,35.4,.227"
"288,Southern Mississippi,35,19,16,.543,-5.39,-4.51,,9,9,,10,3,,4,11,,2615,2585,,69.9,106.1,.429,.298,.543,52.3,44.6,10.5,11.0,.496,15.8,32.6,.315"
"289,Southern Utah,32,10,22,.313,-9.19,-0.22,,6,12,,7,6,,2,15,,2442,2544,,72.0,105.6,.334,.365,.556,49.9,51.4,7.7,9.5,.523,17.1,30.0,.241"
"290,St. Bonaventure,34,17,17,.500,2.40,1.67,,4,14,,9,7,,4,7,,2596,2532,,67.4,112.4,.297,.315,.558,52.4,55.9,11.2,13.7,.526,14.3,34.7,.221"
"291,St. John's (NY) NCAA,34,28,6,.824,22.42,10.83,,18,2,,15,2,,9,1,,2773,2379,,71.0,114.5,.419,.338,.552,52.9,58.2,11.1,12.4,.510,12.4,35.9,.305"
"292,St. Thomas,33,24,9,.727,3.27,-5.30,,12,4,,14,1,,8,6,,2728,2366,,70.0,118.1,.348,.461,.611,49.7,57.8,10.7,7.6,.594,12.2,22.5,.237"
"293,Stanford,32,20,12,.625,12.55,9.27,,9,9,,12,6,,5,5,,2431,2326,,67.9,111.8,.357,.442,.554,50.4,46.3,11.6,10.2,.517,13.3,32.3,.261"
"294,Stephen F. Austin,33,28,5,.848,4.06,-4.62,,20,2,,15,1,,12,3,,2520,2176,,66.7,114.6,.294,.397,.545,53.0,49.6,10.4,10.0,.521,11.6,34.9,.200"
"295,Stetson,33,12,21,.364,-12.70,-4.70,,7,11,,9,5,,2,14,,2431,2631,,68.5,107.2,.327,.451,.562,48.5,59.3,9.1,5.8,.538,16.1,28.2,.223"
"296,Stonehill,33,12,21,.364,-14.60,-9.28,,8,10,,8,5,,4,15,,2191,2263,,67.1,97.5,.285,.406,.509,51.6,52.3,7.1,9.9,.480,16.6,28.2,.196"
"297,Stony Brook,32,17,15,.531,-5.46,-3.69,,9,9,,12,4,,4,9,,2295,2277,,67.0,105.9,.282,.460,.535,48.1,52.8,10.0,10.7,.505,14.4,28.3,.203"
"298,Syracuse,32,15,17,.469,10.28,9.53,,6,12,,12,6,,2,7,,2400,2376,,67.8,108.5,.351,.372,.548,48.0,47.1,9.0,15.4,.526,13.9,29.2,.228"
"299,Tarleton State,32,14,18,.438,-4.76,-1.48,,5,13,,10,6,,4,11,,2385,2349,,71.4,103.2,.409,.246,.538,48.8,42.8,14.3,9.8,.490,17.2,32.0,.305"
"300,Temple,32,16,16,.500,1.04,-0.76,,8,10,,10,6,,5,6,,2366,2264,,65.6,112.2,.408,.360,.553,50.1,49.2,8.6,11.2,.508,11.9,29.9,.305"
"301,Tennessee NCAA,33,22,11,.667,22.08,11.99,,11,7,,14,3,,5,5,,2622,2289,,67.3,116.8,.387,.317,.549,58.8,59.8,11.0,11.3,.516,13.9,45.1,.269"
"302,Tennessee State NCAA,32,23,9,.719,-4.54,-8.68,,15,5,,10,2,,10,7,,2577,2347,,72.0,111.5,.338,.306,.551,53.0,45.6,13.0,10.1,.510,14.3,35.4,.259"
"303,Tennessee Tech,31,13,18,.419,-13.25,-7.89,,8,12,,8,6,,5,12,,2272,2308,,69.6,105.4,.359,.377,.546,51.7,47.8,8.5,7.7,.503,16.5,32.1,.273"
"304,Tennessee-Martin,33,22,11,.667,-5.92,-9.06,,13,7,,12,3,,8,6,,2303,2085,,66.9,103.8,.364,.465,.524,54.4,56.9,13.2,13.0,.491,17.8,38.6,.247"
"305,Texas NCAA,32,18,14,.563,16.17,10.30,,9,9,,12,5,,4,6,,2681,2458,,69.2,120.1,.453,.360,.593,55.4,43.5,8.2,7.6,.550,13.5,36.3,.340"
"306,Texas A&M NCAA,32,21,11,.656,16.76,8.60,,11,7,,14,4,,6,5,,2807,2546,,72.5,118.2,.374,.463,.577,49.9,61.3,10.9,8.9,.542,12.5,32.3,.276"
"307,Texas A&M-Corpus Christi,33,18,15,.545,-2.48,-1.62,,13,9,,10,5,,7,9,,2393,2234,,68.2,105.9,.387,.319,.545,53.0,52.0,11.1,8.8,.514,16.6,33.4,.262"
"308,Texas Christian NCAA,33,22,11,.667,15.75,9.51,,11,7,,14,5,,5,5,,2584,2378,,69.7,111.1,.387,.369,.546,51.9,57.6,10.9,12.6,.509,13.2,34.4,.274"
"309,Texas Southern,30,12,18,.400,-14.05,-7.98,,10,8,,9,5,,3,12,,2251,2339,,71.2,103.7,.388,.321,.542,50.0,42.8,9.4,10.1,.503,16.5,29.4,.278"
"310,Texas State,32,19,13,.594,-7.26,-6.69,,11,7,,16,1,,3,9,,2365,2271,,67.8,107.7,.346,.248,.550,53.6,48.4,12.2,10.5,.509,15.9,34.6,.262"
"311,Texas Tech NCAA,32,22,10,.688,21.95,14.17,,12,6,,14,2,,5,5,,2573,2324,,67.9,117.9,.271,.480,.584,52.0,55.5,8.5,9.5,.562,13.6,33.3,.194"
"312,Texas-Rio Grande Valley,33,19,14,.576,0.93,-2.20,,14,8,,10,5,,8,8,,2505,2293,,66.6,112.6,.292,.441,.586,50.5,61.4,9.0,8.0,.557,15.7,29.6,.222"
"313,The Citadel,33,11,22,.333,-16.51,-5.91,,7,11,,7,8,,3,12,,2322,2558,,65.1,106.1,.288,.497,.529,47.9,51.7,8.4,7.6,.505,13.5,28.8,.194"
"314,Toledo,34,19,15,.559,0.78,-1.57,,11,7,,11,4,,5,9,,2755,2603,,69.8,116.0,.297,.323,.579,49.3,53.9,11.0,8.2,.548,12.7,30.6,.225"
"315,Towson,34,19,15,.559,-0.82,-1.44,,9,9,,11,3,,3,10,,2354,2248,,64.6,106.7,.299,.353,.508,53.9,40.3,9.2,10.0,.477,13.2,36.6,.208"
"316,Troy NCAA,33,22,11,.667,-0.76,-4.57,,12,6,,10,3,,9,7,,2649,2412,,68.1,113.5,.358,.455,.562,52.4,58.2,11.3,9.1,.526,14.3,35.3,.264"
"317,Tulane,33,18,15,.545,-2.50,1.13,,8,10,,10,8,,6,4,,2389,2493,,68.2,105.3,.434,.451,.548,44.3,55.5,11.2,12.6,.495,14.0,23.2,.332"
"318,Tulsa,33,26,7,.788,11.14,0.78,,13,5,,13,2,,8,4,,2824,2409,,68.8,122.9,.405,.463,.608,53.8,55.4,9.1,6.8,.566,12.9,33.6,.316"
"319,UAB,32,20,12,.625,3.56,-0.24,,11,7,,8,9,,10,2,,2535,2361,,70.8,110.5,.363,.305,.524,52.4,50.2,11.0,9.5,.486,10.5,33.0,.256"
"320,UC Davis,33,19,14,.576,-1.09,-1.13,,11,9,,12,4,,6,9,,2562,2478,,71.9,107.2,.406,.431,.564,48.2,60.3,11.1,7.7,.521,15.7,26.6,.304"
"321,UC Irvine,34,23,11,.676,3.65,-1.42,,15,5,,12,4,,7,5,,2632,2327,,71.4,107.2,.352,.277,.543,52.4,56.7,10.8,15.1,.512,15.1,32.7,.244"
"322,UC Riverside,32,10,22,.313,-7.76,-0.30,,5,15,,7,7,,3,15,,2334,2492,,70.7,103.1,.345,.388,.536,49.4,50.2,7.6,10.2,.495,16.1,28.9,.256"
"323,UC San Diego,34,23,11,.676,2.32,-1.68,,12,8,,10,5,,8,5,,2573,2390,,69.8,108.4,.323,.427,.555,50.9,55.7,10.9,7.8,.528,14.4,27.3,.225"
"324,UC Santa Barbara,32,18,14,.563,1.15,-1.82,,11,9,,11,4,,5,8,,2483,2328,,67.5,113.2,.376,.432,.587,53.7,54.2,9.3,6.8,.549,16.3,32.2,.287"
"325,UCF NCAA,32,21,11,.656,13.30,10.80,,9,9,,13,5,,5,5,,2591,2511,,70.6,113.7,.308,.344,.560,52.6,53.6,7.9,8.3,.528,13.4,34.4,.228"
"326,UCLA NCAA,34,23,11,.676,18.28,11.55,,13,7,,17,1,,4,6,,2643,2414,,65.7,117.0,.331,.359,.576,49.6,59.4,9.9,9.4,.539,11.6,31.1,.254"
"327,UNC Asheville,32,15,17,.469,-6.17,-3.89,,8,8,,9,7,,4,9,,2349,2334,,67.5,107.5,.394,.352,.550,50.9,42.8,8.0,9.9,.517,15.3,31.3,.271"
"328,UNC Greensboro,34,15,19,.441,-11.31,-6.02,,9,9,,8,6,,4,9,,2673,2736,,69.0,112.6,.408,.396,.565,50.4,48.0,8.0,5.6,.530,12.8,28.6,.288"
"329,UNC Wilmington,32,26,6,.813,2.50,-5.04,,15,3,,15,3,,11,2,,2465,2166,,67.0,114.9,.417,.382,.548,54.8,51.8,7.9,7.2,.514,12.5,36.1,.286"
"330,UT Arlington,32,18,14,.563,-1.74,-1.70,,9,9,,9,4,,8,8,,2240,2134,,67.3,102.7,.416,.304,.527,53.9,48.1,11.2,9.9,.481,17.3,36.1,.299"
"331,Utah,32,10,22,.313,6.19,10.94,,2,16,,8,9,,1,10,,2379,2531,,68.0,108.8,.317,.375,.554,49.0,51.7,7.8,8.4,.520,14.6,29.3,.234"
"332,Utah State NCAA,34,28,6,.824,17.36,6.51,,15,5,,14,1,,7,5,,2806,2392,,68.5,120.0,.378,.412,.599,51.3,60.5,12.8,8.8,.572,13.3,33.3,.267"
"333,Utah Tech,34,19,15,.559,-3.56,-1.30,,11,7,,11,3,,6,10,,2612,2548,,68.9,108.8,.320,.385,.570,48.6,52.9,10.2,7.8,.540,15.5,28.6,.233"
"334,Utah Valley,33,25,8,.758,5.36,-1.77,,14,4,,15,0,,6,7,,2646,2259,,69.9,113.4,.362,.333,.585,53.8,62.6,13.3,15.0,.560,17.0,36.5,.251"
"335,UTEP,31,11,20,.355,-6.66,-0.41,,7,13,,9,7,,2,11,,2149,2244,,66.8,102.6,.351,.386,.527,47.3,48.8,11.3,10.5,.492,15.1,27.8,.245"
"336,UTSA,30,5,25,.167,-14.21,1.44,,1,17,,2,12,,2,12,,2084,2422,,70.2,99.0,.290,.406,.491,46.6,43.9,9.4,12.1,.459,14.5,31.0,.200"
"337,Valparaiso,33,18,15,.545,-0.03,0.66,,11,9,,13,4,,4,10,,2376,2358,,66.3,106.6,.383,.367,.523,50.8,49.4,8.8,9.6,.483,13.3,32.7,.270"
"338,Vanderbilt NCAA,34,26,8,.765,22.83,11.68,,11,7,,13,3,,8,4,,2936,2557,,70.8,121.1,.382,.436,.596,50.3,56.2,11.4,12.6,.553,11.6,31.2,.303"
"339,Vermont,34,22,12,.647,-6.82,-10.20,,12,4,,13,3,,8,7,,2496,2330,,64.7,112.2,.316,.449,.567,52.7,48.8,7.0,9.3,.539,12.7,27.1,.226"
"340,Villanova NCAA,32,24,8,.750,16.30,9.93,,15,5,,13,3,,9,3,,2469,2265,,66.4,114.8,.313,.457,.562,49.8,56.8,11.1,6.0,.537,12.9,32.4,.217"
"341,Virginia NCAA,34,29,5,.853,21.60,9.36,,15,3,,16,1,,8,2,,2742,2326,,66.5,119.1,.330,.465,.576,55.1,59.1,9.5,17.5,.546,13.4,37.9,.240"
"342,Virginia Commonwealth NCAA,34,27,7,.794,13.19,3.11,,15,3,,15,2,,7,3,,2773,2430,,69.4,117.6,.437,.438,.582,51.7,52.7,10.6,11.3,.541,13.1,32.3,.323"
"343,VMI,32,6,26,.188,-20.72,-6.03,,1,17,,5,9,,1,14,,2303,2560,,68.6,104.9,.292,.540,.523,45.1,51.9,10.2,7.2,.490,12.7,26.5,.211"
"344,Virginia Tech,32,19,13,.594,13.28,9.38,,8,10,,14,3,,3,7,,2521,2396,,68.0,112.8,.340,.397,.558,49.8,52.4,9.2,8.7,.522,12.9,31.9,.253"
"345,Wagner,31,14,17,.452,-11.79,-8.69,,8,10,,8,5,,6,12,,2210,2222,,66.2,105.5,.311,.364,.535,52.8,49.5,8.2,7.0,.501,16.1,33.8,.227"
"346,Wake Forest,33,17,16,.515,12.57,10.79,,7,11,,12,6,,2,7,,2602,2543,,69.5,112.2,.351,.437,.567,48.5,53.2,11.1,11.1,.526,13.5,29.7,.271"
"347,Washington,33,16,17,.485,14.17,10.68,,7,13,,10,6,,4,9,,2545,2430,,68.0,112.2,.301,.346,.549,53.3,49.4,8.3,11.2,.512,13.0,34.6,.230"
"348,Washington State,32,12,20,.375,3.49,5.10,,7,11,,9,6,,1,11,,2435,2480,,69.2,110.0,.307,.448,.579,51.5,51.8,8.1,7.7,.549,16.5,30.1,.228"
"349,Weber State,32,16,16,.500,-2.82,-2.59,,10,8,,11,5,,5,10,,2598,2474,,70.7,113.6,.372,.333,.564,53.0,46.8,10.1,4.4,.527,13.3,32.7,.273"
"350,West Georgia,32,15,17,.469,-10.95,-5.78,,8,10,,10,5,,4,11,,2450,2547,,70.5,107.4,.291,.333,.531,50.7,45.1,9.1,13.0,.503,13.5,31.9,.204"
"351,West Virginia,32,18,14,.563,12.80,8.37,,9,9,,15,3,,3,6,,2214,2072,,64.0,106.9,.355,.429,.540,51.0,53.2,9.9,8.6,.511,15.1,31.0,.240"
"352,Western Carolina,31,15,16,.484,-6.41,-3.72,,10,8,,10,3,,4,12,,2432,2397,,69.1,112.6,.298,.411,.543,54.6,45.5,8.8,8.5,.513,13.7,36.7,.214"
"353,Western Illinois,31,5,26,.161,-23.44,-8.16,,1,19,,4,11,,1,15,,2011,2381,,67.2,96.2,.367,.333,.492,46.7,37.2,7.7,5.2,.455,15.1,28.9,.244"
"354,Western Kentucky,32,18,14,.563,0.47,-0.47,,11,9,,12,4,,5,7,,2537,2436,,71.1,110.6,.418,.399,.533,50.9,52.0,10.6,7.0,.481,12.3,32.5,.317"
"355,Western Michigan,31,10,21,.323,-8.32,-2.15,,4,14,,7,8,,3,13,,2318,2464,,69.7,106.9,.335,.351,.540,51.2,48.1,6.5,7.9,.502,14.9,31.2,.249"
"356,Wichita State,33,22,11,.667,8.72,2.10,,13,5,,14,3,,7,4,,2562,2324,,67.1,113.2,.359,.343,.534,54.6,42.2,8.8,10.3,.501,12.5,38.8,.248"
"357,William & Mary,32,20,12,.625,-0.06,-2.69,,10,8,,11,2,,6,9,,2660,2487,,73.9,112.5,.437,.425,.591,49.4,64.0,10.8,11.7,.551,14.7,26.9,.326"
"358,Winthrop,34,23,11,.676,-0.64,-4.42,,13,3,,13,1,,7,9,,2844,2566,,72.1,115.6,.432,.444,.555,54.0,52.4,9.7,8.6,.512,12.6,35.5,.315"
"359,Wisconsin NCAA,34,24,10,.706,19.52,12.44,,14,6,,15,2,,6,4,,2822,2581,,68.8,118.8,.319,.526,.582,50.5,57.3,8.1,8.5,.545,11.1,29.4,.251"
"360,Wofford,32,19,13,.594,-7.38,-7.18,,11,7,,10,5,,9,7,,2520,2468,,68.1,115.2,.363,.439,.562,50.5,51.8,8.5,8.6,.531,11.8,31.0,.256"
"361,Wright State NCAA,34,23,11,.676,0.12,-4.44,,15,5,,11,5,,9,5,,2745,2497,,69.0,116.5,.377,.334,.583,53.1,48.1,10.7,11.5,.549,14.0,34.2,.278"
"362,Wyoming,32,18,14,.563,7.55,4.07,,9,11,,14,4,,3,9,,2467,2335,,67.6,114.1,.358,.423,.561,53.3,52.5,9.5,7.0,.523,13.8,35.2,.266"
"363,Xavier,33,15,18,.455,7.87,10.15,,6,14,,12,6,,1,10,,2586,2661,,71.2,109.2,.281,.406,.547,47.6,62.2,9.0,10.3,.518,12.3,26.5,.205"
"364,Yale,30,24,6,.800,6.13,-2.51,,11,3,,10,2,,9,3,,2453,2129,,66.1,122.2,.343,.363,.601,53.3,56.5,8.3,10.1,.569,12.1,33.6,.260"
"365,Youngstown State,32,15,17,.469,-4.44,-4.64,,8,12,,10,5,,4,11,,2495,2338,,69.0,112.5,.316,.489,.577,51.0,54.2,10.4,9.4,.547,15.8,32.1,.234"